,JobId,EngineeringSoldkWSize,EngineeringSoldAnnualkWh,EnergyConsumption,Region,State,Zip,Latitude,Longitude,AHJ,RoofType,RoofSqFoot,NumMountingPlanes,NumPanels,Utility,ProductTypeAlt,PowerwallCount,UtilityCostPerKWh,OldBill,UtilityRatePlanId,UtilityInflationRate,GasRatePlanID,AverageShading,Reroof,MPU,NumStories,Status
0,JB-9723486-00,3.465,3806.009,8860.0,Pacific Northwest,OR,97206.0,45.4649,-122.60461299999999,Portland,Comp Shingle Roof,1508.0,1,11,Portland General Electric,PV Only,,0.113579,134.1167,20004.0,0.038,20400.0,0.12,0,0,,1
1,JB-9586828-00,13.86,18115.315,62233.0,Pacific Northwest,CA,95823.0,38.499654,-121.447748,Sacramento County,Comp Shingle Roof,2518.0,4,44,Sacramento Municipal Utility District,PV Only,,0.19372899999999998,1056.3469,300.0,0.028999999999999998,90.0,0.043636364000000004,0,1,One Story,1
2,JB-9586336-00,3.78,4887.0342,7464.0,Pacific Northwest,CA,95834.0,38.633184,-121.485345,Sacramento,Comp Shingle Roof,1980.0,3,12,Sacramento Municipal Utility District,PV Only,,0.152606,146.5714,998504493.0,0.028999999999999998,90.0,0.170833333,0,0,,1
3,JB-95615481-00,16.065,23229.5524,23834.0,Pacific Northwest,CA,95616.0,38.574959,-121.751502,Davis,Flat Tile,3155.0,3,51,Pacific Gas and Electric Company,PV Only,,0.33029400000000003,704.0654,10.0,0.028999999999999998,90.0,0.008823529,0,0,,1
4,JB-95615433-00,10.92,14676.4759,18131.0,Pacific Northwest,CA,95688.0,38.370609,-121.98716100000001,Vacaville,Flat Tile,6512.0,2,42,Pacific Gas and Electric Company,PV Only,,0.298678,499.3237,15.0,0.028999999999999998,90.0,0.008571429,0,0,Two Stories,1
5,JB-95615168-00,4.095,4089.573,6483.0,Pacific Northwest,CA,95602.0,39.031574,-121.071873,Nevada County,Comp Shingle Roof,,2,13,Pacific Gas and Electric Company,PV Only,,0.203558,158.0187,10.0,0.028999999999999998,90.0,0.343076923,0,0,,1
6,JB-9542846-00,6.5,8025.7797,8094.0,Pacific Northwest,CA,95404.0,38.465243,-122.68058899999998,Santa Rosa,Comp Shingle Roof,3673.0,2,25,Pacific Gas and Electric Company,PV Only,,0.18549300000000002,170.7077,46.0,0.028999999999999998,90.0,0.09304347800000001,0,1,,1
7,JB-95312502-00,8.505,12196.6609,12409.0,Pacific Northwest,CA,95337.0,37.774167,-121.24503700000001,Manteca,Flat Tile,2976.0,2,27,Pacific Gas and Electric Company,PV Only,,0.264252,321.3057,10.0,0.028999999999999998,90.0,0.0053125,0,0,,1
8,JB-9525925-00,5.035,6701.9949,8706.0,Pacific Northwest,CA,95242.0,38.138159,-121.301658,Lodi,Comp Shingle Roof,2515.0,3,19,Lodi Municipal Electric System,PV Only,,0.178033,177.2094,2601.0,0.028999999999999998,90.0,0.066842105,0,0,,1
9,JB-9518007-00,3.19,4972.2416,6270.0,Pacific Northwest,CA,95136.0,37.27036,-121.83475800000001,San Jose,Comp Shingle Roof,2672.0,1,11,Pacific Gas and Electric Company,PV Only,,0.21515,162.0934,10.0,0.028999999999999998,90.0,0.0,1,0,One Story,1
10,JB-9517772-00,6.76,9105.3562,6073.0,Pacific Northwest,CA,95127.0,37.359821000000004,-121.808586,San Jose,Round Tile,3808.0,3,26,Pacific Gas and Electric Company,PV Only,,0.22131199999999998,161.6801,10.0,0.028999999999999998,90.0,0.138461538,1,0,,1
11,JB-9508126-00,12.285,17330.057,14083.0,Pacific Northwest,CA,95023.0,36.805616,-121.394989,San Benito County,Comp Shingle Roof,5085.0,3,39,Pacific Gas and Electric Company,PV Only,,0.29732600000000003,396.2484,10.0,0.028999999999999998,90.0,0.050769231,0,0,,1
12,JB-9492920-00,4.94,7258.3906,7737.0,Pacific Northwest,CA,94931.0,38.322677,-122.710531,Cotati City,Comp Shingle Roof,3313.0,1,19,Pacific Gas and Electric Company,PV Only,,0.24043699999999998,202.3337,998504487.0,0.028999999999999998,90.0,0.03,0,0,Two Stories,1
13,JB-94525371-00,5.67,8232.756,7759.0,Pacific Northwest,CA,94561.0,38.003322999999995,-121.723003,Oakley,Round Tile,2050.0,2,18,Pacific Gas and Electric Company,PV Only,,0.213104,185.8362,10.0,0.028999999999999998,90.0,0.0,0,0,Two Stories,1
14,JB-94525036-00,3.12,4796.0282,5782.0,Pacific Northwest,CA,94558.0,38.344048,-122.314424,Napa,Comp Shingle Roof,2687.0,1,12,Pacific Gas and Electric Company,PV Only,,0.204045,145.6279,10.0,0.028999999999999998,90.0,0.07,0,0,,1
15,JB-943712-00,3.78,4564.8981,3232.0,Pacific Northwest,CA,94303.0,37.454445,-122.12468600000001,East Palo Alto,Comp Shingle Roof,2360.0,1,12,Pacific Gas and Electric Company,PV Only,,0.18353,96.7428,998504487.0,0.028999999999999998,90.0,0.25,0,0,,1
16,JB-9377171-00,4.42,6145.4131,6179.0,Pacific Northwest,CA,93723.0,36.817929,-119.921547,Fresno,Flat Tile,,1,17,Pacific Gas and Electric Company,PV Only,,0.228446,165.6774,10.0,0.028999999999999998,90.0,0.0,0,0,,1
17,JB-9377080-00,5.2,7962.6714,7893.0,Pacific Northwest,CA,93711.0,36.820484,-119.847136,Fresno,Comp Shingle Roof,3085.0,1,20,Pacific Gas and Electric Company,PV Only,,0.204619,182.6349,10.0,0.028999999999999998,90.0,0.06,0,0,,1
18,JB-9376414-00,9.36,10211.3899,10468.0,Pacific Northwest,CA,93710.0,36.832838,-119.74313000000001,Fresno,Comp Shingle Roof,2823.0,2,36,Pacific Gas and Electric Company,PV Only,,0.24950799999999998,265.7006,10.0,0.028999999999999998,90.0,0.21916666699999998,0,1,,1
19,JB-92512141-00,11.96,17779.8213,18021.0,SoCal and HI,CA,92596.0,33.615691,-117.112292,Riverside County,Flat Tile,3424.0,1,46,Southern California Edison,PV Only,,0.242077,411.5859,200.0,0.028999999999999998,90.0,0.01,0,0,,1
20,JB-92512000-00,3.38,5426.3984,7011.0,SoCal and HI,CA,92530.0,33.65258,-117.37223600000002,Lake Elsinore,Round Tile,1779.0,1,13,Southern California Edison,PV Only,,0.183319,155.1507,200.0,0.028999999999999998,90.0,0.0,0,0,,1
21,JB-85711381-00,7.54,11101.8507,12372.0,Southwest,AZ,85756.0,32.127953999999995,-110.891539,Pima County,Round Tile,2211.0,3,29,Tucson Electric Power,PV Only,,0.125626,187.4399,10304.0,0.035,10800.0,0.003793103,0,0,Two Stories,1
22,JB-85711349-00,8.32,13414.605,13843.0,Southwest,AZ,85745.0,32.231644,-111.010047,Tucson,Rolled Roofing / Torchdown / Bitumen,1898.0,1,32,Tucson Electric Power,PV Only,,0.124223,201.2214,10304.0,0.035,10800.0,0.0,0,0,,1
23,JB-85711149-00,6.3,6945.7718,10579.0,Southwest,AZ,85719.0,32.255946,-110.93901699999999,Tucson,Rolled Roofing / Torchdown / Bitumen,3266.0,1,20,Tucson Electric Power,PV Only,,0.1255,168.5582,10304.0,0.035,10800.0,0.29,0,1,,1
24,JB-85710550-00,5.83,7876.848000000001,13876.0,Southwest,AZ,85746.0,32.12676,-111.00883400000001,Pima County,Rolled Roofing / Torchdown / Bitumen,4080.0,3,22,Tucson Electric Power,PV Only,,0.123423,200.6377,10304.0,0.035,10800.0,0.134545455,0,0,,1
25,JB-8515555-00,6.5,9806.5233,9814.0,Southwest,AZ,85122.0,32.89979,-111.720173,Casa Grande,Round Tile,2241.0,1,25,Arizona Public Service Company,PV Only,,0.157797,129.05200000000002,10000.0,0.035,40003.0,0.04,0,0,,1
26,JB-8515522-00,4.42,6611.9272,6683.0,Southwest,AZ,85128.0,32.988147,-111.51943899999999,Coolidge,Comp Shingle Roof,2048.0,1,17,Arizona Public Service Company,PV Only,,0.156157,146.0058,10000.0,0.035,10800.0,0.00625,0,0,,1
27,JB-7612215-00,10.4,11638.5966,18696.0,Southwest,TX,76131.0,32.871084,-97.358375,Saginaw,Comp Shingle Roof,2573.0,3,40,MP2 Energy (Dallas),PV Only,,0.130556,256.2393,998504338.0,0.019,49601.0,0.16399999999999998,0,0,One Story,1
28,JB-7602918-00,8.06,10895.4147,13630.0,Southwest,TX,76022.0,32.828362,-97.134599,Bedford,Comp Shingle Roof,2228.0,2,31,MP2 Energy (Dallas),PV Only,,0.136676,208.0739,998504338.0,0.019,49601.0,1.11e-16,0,0,One Story,1
29,JB-7511059-00,9.88,9913.7115,18068.0,Southwest,TX,75150.0,32.808833,-96.646158,Mesquite,Comp Shingle Roof,3600.0,3,38,MP2 Energy (Dallas),PV Only,,0.226433,393.7659,998504338.0,0.019,49601.0,0.290526316,0,1,,1
30,JB-347455-00,6.24,9467.3517,16080.0,East Coast,FL,34787.0,28.446671999999996,-81.601301,Orange County,Comp Shingle Roof,3584.0,2,24,Duke Energy (FL),PV Only,,0.12363699999999998,222.6519,998504540.0,0.028999999999999998,49601.0,0.0,0,0,,1
31,JB-2181253-00,13.26,15498.0419,15446.0,East Coast,MD,21837.0,38.469004,-75.750574,Wicomico County,Comp Shingle Roof,1387.0,2,51,Delmarva Power (MD),PV Only,,0.141491,238.407,9991227.0,0.057,100099.0,0.005531915,0,0,Above Two Stories,1
32,JB-2161429-00,11.96,10831.3453,20117.0,East Coast,MD,21635.0,39.338913,-75.877371,Galena Town,Comp Shingle Roof,3351.0,3,46,Delmarva Power (MD),PV Only,,0.140368,235.3154,9991227.0,0.057,40003.0,0.210869565,0,0,,1
33,JB-2161425-00,10.4,11983.555,12060.0,East Coast,MD,21666.0,38.894009999999994,-76.35577099999999,Queen Anne's County,Comp Shingle Roof,3762.0,3,40,Delmarva Power (MD),PV Only,,0.143777,144.4964,9991227.0,0.057,40003.0,0.013999999999999999,0,0,,1
34,JB-2093237-00,5.6,5567.5719,5872.0,East Coast,MD,20902.0,39.047166,-77.073415,Montgomery County,Comp Shingle Roof,1728.0,1,20,PEPCO (MD),PV Only,,0.159355,134.2617,9991238.0,0.057,100099.0,0.226363636,0,0,,1
35,JB-2093128-00,3.15,4447.9478,27262.0,East Coast,MD,20910.0,39.01797,-77.047283,Montgomery County,Comp Shingle Roof,1236.0,1,10,PEPCO (MD),PV Only,,0.142652,380.3657,9991238.0,0.057,100099.0,0.02,0,0,One Story,1
36,JB-180638-00,6.76,7644.4705,10240.0,East Coast,PA,18014.0,40.725801000000004,-75.386691,Bath Borough,Comp Shingle Roof,1763.0,3,26,Met-Ed,PV Only,,0.130302,459.3248,9991700.0,0.0337,998504099.0,0.074615385,0,0,,1
37,JB-152541-00,2.6,2439.0488,2547.0,East Coast,PA,15206.0,40.484545000000004,-79.930379,Pittsburgh,Comp Shingle Roof,927.0,2,10,Duquesne,PV Only,,0.20481100000000002,391.605,9991698.0,0.0337,998504099.0,0.08,0,0,,1
38,JB-150085-00,2.08,1878.6981,4606.0,East Coast,PA,15061.0,40.690184,-80.276139,Monaca Borough,Comp Shingle Roof,1576.0,1,8,Duquesne,PV Only,,0.176179,415.7572,9991698.0,0.0337,998504099.0,0.2,0,0,,1
39,JB-1093743-00,9.36,7853.8446,7870.0,East Coast,NY,10920.0,41.14198,-73.95333000000001,Clarkstown Town,Comp Shingle Roof,1928.0,2,36,Orange and Rockland (NY),PV Only,,0.192011,194.0528,9991621.0,0.033,998467098.0,0.192,0,0,,1
40,JB-0661320-00,3.64,3382.9112,3432.0,East Coast,CT,6615.0,41.188044,-73.13278199999999,Stratford,Comp Shingle Roof,1124.0,1,14,United Illuminating Company,PV Only,,0.321803,161.0841,999467.0,0.054000000000000006,49601.0,0.09,0,0,,1
41,JB-0644139-00,5.72,6173.7327,6267.0,East Coast,CT,6442.0,41.339406,-72.462647,Essex,Comp Shingle Roof,3199.0,1,22,Eversource Energy (CL&P),PV Only,,0.24,177.1384,40370.0,0.054000000000000006,49601.0,0.08,1,0,Two Stories,1
42,JB-0611532-00,4.68,4787.1589,9120.0,East Coast,CT,6110.0,41.747723,-72.724704,West Hartford,Comp Shingle Roof,1434.0,1,18,Eversource Energy (CL&P),PV Only,,0.18867,195.1874,999454.0,0.054000000000000006,49601.0,0.19,0,0,,1
43,JB-0542071-00,4.42,3694.7833,4200.0,East Coast,VT,5452.0,44.490296,-73.127209,Essex Junction Village,Comp Shingle Roof,1055.0,1,17,Green Mountain Power,PV Only,,0.203097,122.8823,998504368.0,0.028999999999999998,49601.0,0.18,0,0,,1
44,JB-0102440-00,5.2,5300.5429,5233.0,East Coast,MA,1060.0,42.327698,-72.634801,Northampton,Comp Shingle Roof,1403.0,3,20,National Grid USA (Massachusetts Electric),PV Only,,0.202488,140.0999,9991205.0,0.04,49601.0,0.01,0,0,,1
45,JB-0102416-00,6.93,5680.3965,7445.0,East Coast,MA,1082.0,42.256988,-72.299591,Ware Town,Comp Shingle Roof,1879.0,2,22,National Grid USA (Massachusetts Electric),PV Only,,0.196172,173.5067,9991205.0,0.04,49601.0,0.23800000000000002,0,0,One Story,1
46,JB-9702786-00,4.16,4494.4743,9541.0,Pacific Northwest,OR,97008.0,45.467314,-122.78313600000001,Beaverton,Comp Shingle Roof,3045.0,1,16,Portland General Electric,PV Only,,0.230143,233.2403,20000.0,0.038,20400.0,0.07,0,0,,1
47,JB-9596872-00,5.3,6317.965,5749.0,Pacific Northwest,CA,95993.0,39.110622,-121.646983,Yuba City,Comp Shingle Roof,,3,20,Pacific Gas and Electric Company,PV Only,,0.208375,147.8756,10.0,0.028999999999999998,90.0,0.036000000000000004,0,0,,1
48,JB-9586943-00,9.135,11971.451000000001,12726.0,Pacific Northwest,CA,95834.0,38.640327,-121.53414199999999,Sacramento,Flat Tile,2891.0,2,29,Sacramento Municipal Utility District,PV Only,,0.150159,210.8937,300.0,0.028999999999999998,90.0,0.033333333,0,0,,1
49,JB-9586808-00,11.97,14903.6721,36861.0,Pacific Northwest,CA,95828.0,38.499807000000004,-121.413529,Sacramento,Comp Shingle Roof,1832.0,5,38,Sacramento Municipal Utility District,PV Only,,0.191685,640.46,300.0,0.028999999999999998,90.0,0.10736842099999999,0,0,One Story,1
50,JB-95615312-00,7.29,11629.5599,11836.0,Pacific Northwest,CA,95632.0,38.268906,-121.287833,Galt,Flat Tile,4339.0,1,27,Sacramento Municipal Utility District,PV Only,,0.143698,190.9823,300.0,0.028999999999999998,90.0,0.0,0,0,,1
51,JB-95615205-00,4.16,5165.6408,5385.0,Pacific Northwest,CA,95605.0,38.590497,-121.52298700000001,West Sacramento,Comp Shingle Roof,1779.0,2,16,Pacific Gas and Electric Company,PV Only,,0.193918,135.0672,10.0,0.028999999999999998,90.0,0.1325,1,0,,1
52,JB-95615197-00,13.77,17148.3061,21744.0,Pacific Northwest,CA,95691.0,38.549409999999995,-121.55564299999999,West Sacramento,Comp Shingle Roof,2417.0,2,51,Pacific Gas and Electric Company,PV Only,,0.326307,639.3145,10.0,0.028999999999999998,90.0,0.030689655,0,0,,1
53,JB-9542921-00,10.92,16760.063000000002,17129.0,Pacific Northwest,CA,95450.0,38.448608,-123.113075,Sonoma County,Metal - Standing Seam,4106.0,1,42,Pacific Gas and Electric Company,PV Only,,0.35740900000000003,559.8499,10.0,0.028999999999999998,90.0,0.01,0,0,,1
54,JB-95312445-00,4.94,6886.0014,6991.0,Pacific Northwest,CA,95301.0,37.350668,-120.60983999999999,Atwater,Comp Shingle Roof,3181.0,2,19,Pacific Gas and Electric Company,PV Only,,0.251977,194.8441,10.0,0.028999999999999998,90.0,0.021176471000000002,0,0,,1
55,JB-95312179-00,10.07,14510.8126,15434.0,Pacific Northwest,CA,95366.0,37.755864,-121.129567,Ripon,Flat Tile,3244.0,3,38,Modesto Irrigation District,PV Only,,0.17918499999999998,278.5089,4901.0,0.028999999999999998,90.0,0.006153846,0,0,One Story,1
56,JB-95311634-00,8.58,13972.7516,10869.0,Pacific Northwest,CA,95337.0,37.773932,-121.21526999999999,Manteca,Flat Tile,3898.0,1,33,Pacific Gas and Electric Company,PV Only,,0.24546700000000002,270.3786,10.0,0.028999999999999998,90.0,0.0,0,0,,1
57,JB-9518047-00,2.6,3888.7940000000003,3663.0,Pacific Northwest,CA,95112.0,37.336715999999996,-121.870673,San Jose,Comp Shingle Roof,2439.0,1,10,Pacific Gas and Electric Company,PV Only,,0.198122,110.1545,10.0,0.028999999999999998,90.0,0.02,0,0,,1
58,JB-9481339-00,5.985,8541.9195,10716.0,Pacific Northwest,CA,94806.0,37.991482,-122.314049,Contra Costa County,Comp Shingle Roof,2879.0,2,19,Pacific Gas and Electric Company,PV Only,,0.318023,333.2569,10.0,0.028999999999999998,90.0,0.0,0,0,One Story,1
59,JB-9481325-00,7.245,8460.6411,12397.0,Pacific Northwest,CA,94801.0,37.934788,-122.364026,Richmond,Comp Shingle Roof,3154.0,2,23,Pacific Gas and Electric Company,PV Only,,0.348111,411.236,10.0,0.028999999999999998,90.0,0.097391304,0,0,One Story,1
60,JB-94525417-00,8.19,12479.3415,11587.0,Pacific Northwest,CA,94510.0,38.084246,-122.143988,Benicia,Flat Tile,3189.0,2,26,Pacific Gas and Electric Company,PV Only,,0.28857,327.8425,10.0,0.028999999999999998,90.0,0.003846154,0,0,,1
61,JB-94525333-00,5.04,5385.8082,6119.0,Pacific Northwest,CA,94523.0,37.942524,-122.077335,Pleasant Hill,Comp Shingle Roof,1868.0,1,16,Pacific Gas and Electric Company,PV Only,,0.212666,155.7542,10.0,0.028999999999999998,90.0,0.34,0,0,,1
62,JB-94525157-00,5.46,7980.8789,8318.0,Pacific Northwest,CA,94539.0,37.504818,-121.92101799999999,Fremont,Comp Shingle Roof,1907.0,2,21,Pacific Gas and Electric Company,PV Only,,0.24153000000000002,217.3349,10.0,0.028999999999999998,90.0,0.04,0,0,,1
63,JB-94524730-00,3.465,4520.0462,5541.0,Pacific Northwest,CA,94566.0,37.674884000000006,-121.894251,Pleasanton,Comp Shingle Roof,3214.0,2,11,Pacific Gas and Electric Company,PV Only,,0.212905,148.2231,10.0,0.028999999999999998,90.0,0.015454545,0,0,,1
64,JB-94524527-00,6.36,8633.3509,9400.0,Pacific Northwest,CA,94526.0,37.840188,-121.97442099999999,Danville,Comp Shingle Roof,1837.0,2,24,Pacific Gas and Electric Company,PV Only,,0.263343,253.5975,10.0,0.028999999999999998,90.0,0.0575,0,0,,1
65,JB-94523763-00,7.56,8716.1716,8981.0,Pacific Northwest,CA,94503.0,38.163838,-122.258698,American Canyon,Round Tile,2305.0,3,24,Pacific Gas and Electric Company,PV Only,,0.240459,228.0102,10.0,0.028999999999999998,90.0,0.208235294,0,0,,1
66,JB-9395401-00,7.8,10270.4534,10273.0,Pacific Northwest,CA,93933.0,36.656515,-121.760947,Monterey County,Comp Shingle Roof,,2,30,Pacific Gas and Electric Company,PV Only,,0.255153,265.3484,10.0,0.028999999999999998,90.0,0.013214286,0,0,,1
67,JB-9377232-00,6.5,8749.2876,10018.0,Pacific Northwest,CA,93722.0,36.768758,-119.868721,Fresno,Round Tile,2196.0,2,25,Pacific Gas and Electric Company,PV Only,,0.246928,254.1903,10.0,0.028999999999999998,90.0,0.0,0,0,,1
68,JB-9368602-00,4.16,4316.117,10914.0,Pacific Northwest,CA,93636.0,36.998312,-119.860212,Madera County,Comp Shingle Roof,2269.0,3,16,Pacific Gas and Electric Company,PV Only,,0.235422,262.1634,10.0,0.028999999999999998,90.0,0.23125,0,0,,1
69,JB-9355427-00,5.3,9171.614,8990.0,SoCal and HI,CA,93551.0,34.635953,-118.249472,Palmdale,Flat Tile,5543.0,1,20,Southern California Edison,PV Only,,0.213677,210.5291,200.0,0.028999999999999998,90.0,0.0,0,0,,1
70,JB-93310713-00,3.12,4097.705,4214.0,SoCal and HI,CA,93312.0,35.395927,-119.138899,Kern County,Comp Shingle Roof,2660.0,2,12,Pacific Gas and Electric Company,PV Only,,0.210821,122.08,10.0,0.028999999999999998,90.0,0.07200000000000001,0,0,,1
71,JB-93310645-00,5.67,8668.2681,8789.0,SoCal and HI,CA,93313.0,35.289582,-119.07030300000001,Bakersfield,Flat Tile,3308.0,2,18,Pacific Gas and Electric Company,PV Only,,0.21870599999999998,208.2309,10.0,0.028999999999999998,90.0,0.006666666999999999,0,0,,1
72,JB-93211316-00,5.83,10059.2584,10080.0,Pacific Northwest,CA,93291.0,36.338415000000005,-119.341398,Visalia,Round Tile,,1,22,Southern California Edison,PV Only,,0.19946,215.5928,200.0,0.028999999999999998,90.0,0.0,0,0,,1
73,JB-93211309-00,5.3,8031.41,8206.0,Pacific Northwest,CA,93230.0,36.365316,-119.662552,Hanford,Comp Shingle Roof,4278.0,2,20,Southern California Edison,PV Only,,0.187301,176.1292,200.0,0.028999999999999998,90.0,0.0035,0,0,,1
74,JB-9272074-00,5.565,7035.4883,7754.0,SoCal and HI,CA,92703.0,33.735207,-117.88361599999999,Santa Ana,Comp Shingle Roof,1621.0,2,21,Southern California Edison,PV Only,,0.217877,185.8029,200.0,0.028999999999999998,490.0,0.15,1,1,,1
75,JB-9269960-00,8.19,11520.2763,13643.0,SoCal and HI,CA,92627.0,33.650892999999996,-117.943739,Costa Mesa,Round Tile,2217.0,4,26,Southern California Edison,PV Only,,0.242684,318.381,200.0,0.028999999999999998,490.0,0.005,0,0,,1
76,JB-9269783-00,10.6,14599.0441,13421.0,SoCal and HI,CA,92677.0,33.515454999999996,-117.689022,Laguna Niguel,Round Tile,2725.0,2,40,San Diego Gas & Electric,PV Only,,0.318335,398.5013,998504494.0,0.028999999999999998,490.0,0.057,1,0,,1
77,JB-92610538-00,4.41,7046.8493,6966.0,SoCal and HI,CA,92647.0,33.723729999999996,-118.014669,Huntington Beach,Comp Shingle Roof,2798.0,1,14,Southern California Edison,PV Only,,0.209169,166.0158,200.0,0.028999999999999998,490.0,0.0,0,0,,1
78,JB-92610104-00,4.77,7109.3715,7443.0,SoCal and HI,CA,92604.0,33.67698,-117.79316599999999,Irvine,Flat Tile,2307.0,2,18,Southern California Edison,PV Only,,0.181451,155.0151,217.0,0.028999999999999998,490.0,0.013333333000000001,0,0,,1
79,JB-92512111-00,5.2,8594.0206,8820.0,SoCal and HI,CA,92563.0,33.55726,-117.17258000000001,Murrieta,Round Tile,2285.0,1,20,Southern California Edison,PV Only,,0.196143,192.21200000000002,200.0,0.028999999999999998,90.0,0.0,0,0,One Story,1
80,JB-92512053-00,2.86,4810.0647,4982.0,SoCal and HI,CA,92586.0,33.718790999999996,-117.202441,Menifee,Comp Shingle Roof,3218.0,1,11,Southern California Edison,PV Only,,0.175875,121.0643,200.0,0.028999999999999998,90.0,0.01,0,0,,1
81,JB-92510680-00,10.335,13822.6917,14323.0,SoCal and HI,CA,92562.0,33.569738,-117.22423700000002,Murrieta,Round Tile,2218.0,2,39,Southern California Edison,PV Only,,0.23222600000000002,325.2284,200.0,0.028999999999999998,90.0,0.083333333,0,1,One Story,1
82,JB-9238234-00,13.545,18157.1045,18317.0,SoCal and HI,CA,92335.0,34.088332,-117.430378,Fontana,Comp Shingle Roof,3696.0,4,43,Southern California Edison,PV Only,,0.253695,437.2127,200.0,0.028999999999999998,90.0,0.075813953,0,1,,1
83,JB-9237645-00,4.845,8395.2478,8587.0,SoCal and HI,CA,92336.0,34.152525,-117.484602,Fontana,Flat Tile,2569.0,1,19,Southern California Edison,PV Only,,0.205945,197.3395,200.0,0.028999999999999998,90.0,0.0,0,0,,1
84,JB-9218096-00,1.855,2965.2740000000003,12000.0,SoCal and HI,CA,92114.0,32.707674,-117.03210700000001,San Diego,Comp Shingle Roof,2079.0,1,7,San Diego Gas & Electric,PV Only,,0.332919,377.8433,400.0,0.028999999999999998,490.0,0.0,0,1,,1
85,JB-92110658-00,3.12,3598.5551,3336.0,SoCal and HI,CA,92117.0,32.829691,-117.181946,San Diego,Rolled Roofing / Torchdown / Bitumen,1630.0,2,12,San Diego Gas & Electric,PV Only,,0.204487,101.7722,998504494.0,0.028999999999999998,490.0,0.23,0,0,,1
86,JB-92014680-00,4.94,6519.7247,6937.0,SoCal and HI,CA,92078.0,33.128015000000005,-117.178528,San Marcos,Flat Tile,2213.0,2,19,San Diego Gas & Electric,PV Only,,0.24864299999999998,186.2062,998504494.0,0.028999999999999998,490.0,0.0063157890000000005,0,0,,1
87,JB-92014524-00,6.615,11095.3604,10111.0,SoCal and HI,CA,92065.0,33.012265,-116.79026,San Diego County,Comp Shingle Roof,4515.0,1,21,San Diego Gas & Electric,PV Only,,0.264094,264.9909,998504494.0,0.028999999999999998,490.0,0.02,0,0,One Story,1
88,JB-92014454-00,6.3,9442.0008,8301.0,SoCal and HI,CA,92057.0,33.270403,-117.29135500000001,Oceanside,Round Tile,1913.0,3,20,San Diego Gas & Electric,PV Only,,0.27808499999999997,234.8355,998504494.0,0.028999999999999998,490.0,0.0255,0,0,,1
89,JB-91713053-00,12.48,19770.6843,21886.0,SoCal and HI,CA,91739.0,34.132994000000004,-117.50698200000001,Rancho Cucamonga,Flat Tile,2917.0,4,48,Southern California Edison,PV Only,,0.250902,505.6503,200.0,0.028999999999999998,90.0,0.009375,0,0,,1
90,JB-91712854-00,4.68,6452.9317,8023.0,SoCal and HI,CA,91789.0,34.052178000000005,-117.857447,Walnut,Comp Shingle Roof,3495.0,2,18,Southern California Edison,PV Only,,0.202628,185.9231,200.0,0.028999999999999998,90.0,0.13,0,0,,1
91,JB-91712690-00,6.615,9478.6421,18298.0,SoCal and HI,CA,91761.0,34.024460999999995,-117.57266000000001,Ontario,Comp Shingle Roof,1597.0,2,21,Southern California Edison,PV Only,,0.243887,419.9344,200.0,0.028999999999999998,90.0,0.04,0,0,,1
92,JB-91314056-00,3.12,4633.0805,5031.0,SoCal and HI,CA,91340.0,34.285278000000005,-118.44841799999999,San Fernando,Comp Shingle Roof,1497.0,1,12,Southern California Edison,PV Only,,0.185541,128.2373,200.0,0.028999999999999998,90.0,0.02,0,1,Two Stories,1
93,JB-91311521-00,8.32,13141.0014,18409.0,SoCal and HI,CA,91354.0,34.454281,-118.571547,Los Angeles County,Round Tile,2844.0,2,32,Southern California Edison,PV Only,,0.185095,334.4008,998504373.0,0.028999999999999998,90.0,0.0,0,0,,1
94,JB-9082584-00,7.8,10899.448,10803.0,SoCal and HI,CA,90815.0,33.799768,-118.113339,Long Beach,Rolled Roofing / Torchdown / Bitumen,2159.0,4,30,Southern California Edison,PV Only,,0.241191,267.5813,200.0,0.028999999999999998,90.0,0.0,0,0,One Story,1
95,JB-9064093-00,5.2,7566.2333,8900.0,SoCal and HI,CA,90621.0,33.861337,-117.990577,Buena Park,Flat Tile,1613.0,2,20,Southern California Edison,PV Only,,0.225899,211.2858,200.0,0.028999999999999998,490.0,0.03,0,0,,1
96,JB-9025541-00,3.12,4153.0203,6087.0,SoCal and HI,CA,90255.0,33.979678,-118.209675,Huntington Park,Comp Shingle Roof,1264.0,2,12,Southern California Edison,PV Only,,0.203179,154.4724,200.0,0.028999999999999998,90.0,0.01,0,0,,1
97,JB-90010241-00,2.65,3576.6157,4194.0,SoCal and HI,CA,90018.0,34.033053,-118.301235,Los Angeles,Comp Shingle Roof,3036.0,1,10,Los Angeles Department of Water & Power,PV Only,,0.16508699999999998,110.5494,100.0,0.028999999999999998,90.0,0.02,0,0,,1
98,JB-89112999-00,8.06,11871.3891,13179.0,Southwest,NV,89142.0,36.143974,-115.026204,Clark County,Round Tile,,2,31,NV Energy South,PV Only,,0.136562,204.3679,80001.0,0.028999999999999998,49601.0,0.0,0,0,,1
99,JB-89112046-00,9.54,14318.4859,15168.0,Southwest,NV,89183.0,35.976532,-115.16566399999999,Clark County,Round Tile,2159.0,2,36,NV Energy South,PV Only,,0.141075,232.707,80001.0,0.028999999999999998,49601.0,0.0044444440000000005,0,0,,1
48557,JB-904377-00,3.9,6521.609,2928.0,SoCal and HI,CA,90405,34.017477,-118.46540900000001,Santa Monica,Comp Shingle Roof,2010.0,1,12,Southern California Edison,PV Only,,0.18516400000000002,98.0313,200.0,0.028999999999999998,90.0,0.0,0,0,Above Two Stories,0
48558,JB-904377-00,3.9,6521.609,2928.0,SoCal and HI,CA,90405,34.017477,-118.46540900000001,Santa Monica,Comp Shingle Roof,2010.0,1,12,Southern California Edison,PV Only,,0.18516400000000002,98.0313,200.0,0.028999999999999998,90.0,0.0,0,0,Two Stories,0
48559,JB-9026154-00,6.9,9634.1892,12000.0,SoCal and HI,CA,90241,33.938654,-118.14599299999999,Downey,Round Tile,2344.0,2,23,Southern California Edison,PV Only,,0.235004,285.453,200.0,0.028999999999999998,90.0,0.01,0,0,,0
48560,JB-90011855-00,5.4,8461.3328,8054.0,SoCal and HI,CA,90047,33.973427,-118.309839,Los Angeles,Rolled Roofing / Torchdown / Bitumen,2654.0,1,18,Los Angeles Department of Water & Power,PV Only,,0.19458499999999998,130.599,100.0,0.028999999999999998,40003.0,0.01,0,0,,0
48561,JB-90011473-00,3.25,4530.012,13410.0,SoCal and HI,CA,90064,34.036669,-118.40608,Los Angeles,Comp Shingle Roof,3303.0,4,10,Los Angeles Department of Water & Power,PV Only,,0.20624,283.3244,100.0,0.028999999999999998,90.0,0.126,0,0,,0
48562,JB-897201-00,4.8,8298.8983,9829.0,Southwest,NV,89703,39.183273,-119.786404,Carson City,Comp Shingle Roof,5487.0,3,16,NV Energy North (Sierra Pacific Power),PV Only,,0.10806400000000001,88.5137,998504348.0,0.028999999999999998,40003.0,0.0025,0,0,One Story,0
48563,JB-8951236-00,10.5,15527.3899,17371.0,Southwest,NV,89511,39.403226000000004,-119.81629299999999,Washoe County,Flat Tile,7238.0,3,35,NV Energy North (Sierra Pacific Power),PV Only,,0.099577,198.5337,998504348.0,0.028999999999999998,49601.0,0.059428571,0,0,,0
48564,JB-89114804-00,9.0,14006.2936,14431.0,Southwest,NV,89115,36.211264,-115.09236000000001,Clark County,Comp Shingle Roof,2559.0,3,30,NV Energy South,PV Only,,0.13163,158.2964,80001.0,0.028999999999999998,40003.0,0.027333332999999998,0,0,Two Stories,0
48565,JB-89114686-00,9.6,14535.8507,12171.0,Southwest,NV,89166,36.303104,-115.324996,Las Vegas,Round Tile,2177.0,2,32,NV Energy South,PV Only,,0.133697,135.6026,80001.0,0.028999999999999998,40003.0,0.01,0,0,,0
48566,JB-89114570-00,10.075,16452.1804,16656.0,Southwest,NV,89183,35.98372,-115.16960900000001,Clark County,Flat Tile,2701.0,1,31,NV Energy South,PV Only,,0.130143,235.02700000000002,80001.0,0.028999999999999998,49601.0,0.0,0,0,,0
48567,JB-89114544-00,9.0,12424.389,16285.0,Southwest,NV,89128,36.200603,-115.017458,Las Vegas,Spanish Tile Roof,2580.0,1,30,NV Energy South,PV Only,,0.130363,176.9133,80001.0,0.028999999999999998,40003.0,0.23,0,0,,0
48568,JB-89114394-00,5.4,7983.8305,12746.0,Southwest,NV,89115,36.234732,-115.07409299999999,Clark County,Comp Shingle Roof,1949.0,1,18,NV Energy South,PV Only,,0.133102,195.7648,80001.0,0.028999999999999998,49601.0,0.03,0,0,,0
48569,JB-89114159-00,7.475,12895.0811,13529.0,Southwest,NV,89183,36.012108000000005,-115.125821,Clark County,Round Tile,2218.0,3,23,NV Energy South,PV Only,,0.130892,201.9581,80001.0,0.028999999999999998,49601.0,0.05,0,0,,0
48570,JB-8907698-00,8.1,12765.2911,12628.0,Southwest,NV,89031,36.267918,-115.20494599999999,North Las Vegas,Flat Tile,4631.0,1,27,NV Energy South,PV Only,,0.13322,140.1916,80001.0,0.028999999999999998,40003.0,0.0,0,0,,0
48571,JB-8907697-00,1.95,3088.3581,4384.0,Southwest,NV,89015,36.039363,-114.961151,Henderson City,Round Tile,2513.0,1,6,NV Energy South,PV Only,,0.157143,57.4094,80001.0,0.028999999999999998,40003.0,0.16,0,0,,0
48572,JB-8907679-00,10.8,16564.8506,21564.0,Southwest,NV,89031,36.267145,-115.19230800000001,North Las Vegas,Round Tile,2079.0,4,36,NV Energy South,PV Only,,0.130741,234.9414,80001.0,0.028999999999999998,40003.0,0.033888889,1,0,,0
48573,JB-8907647-00,9.6,14296.2398,14676.0,Southwest,NV,89011,36.078772,-115.01361200000001,Henderson City,Round Tile,2235.0,2,32,NV Energy South,PV Only,,0.131444,160.7566,80001.0,0.028999999999999998,40003.0,0.05375,0,0,,0
48574,JB-8907639-00,2.6,3810.4275,3664.0,Southwest,NV,89002,35.999429,-114.97546499999999,Henderson City,Round Tile,2432.0,1,8,NV Energy South,PV Only,,0.16434400000000002,50.1796,80001.0,0.028999999999999998,40003.0,0.0,0,0,,0
48575,JB-8907521-00,6.3,9931.0745,17365.0,Southwest,NV,89031,36.271683,-115.123081,North Las Vegas,Round Tile,2548.0,3,21,NV Energy South,PV Only,,0.129749,187.7581,80001.0,0.028999999999999998,40003.0,0.004761905,0,0,,0
48576,JB-85713872-00,4.2,6346.3532,6442.0,Southwest,AZ,85755,32.467079999999996,-110.938806,Oro Valley,Round Tile,3058.0,1,14,Tucson Electric Power,PV Only,,0.15073,80.917,10304.0,0.035,40003.0,0.01,0,0,,0
48577,JB-85713829-00,7.5,13302.2073,12880.0,Southwest,AZ,85739,32.489523999999996,-110.88372,Pima County,Comp Shingle Roof,4566.0,3,25,Tucson Electric Power,PV Only,,0.13893,149.1177,10304.0,0.035,40003.0,0.0,0,0,,0
48578,JB-85713754-00,10.2,17224.7858,17829.0,Southwest,AZ,85718,32.284615,-110.90385900000001,Pima County,Rolled Roofing / Torchdown / Bitumen,3896.0,2,34,Tucson Electric Power,PV Only,,0.136825,203.2872,10304.0,0.035,40003.0,0.0,0,0,,0
48579,JB-85713750-00,6.0,9475.2621,9676.0,Southwest,AZ,85737,32.395748,-110.980727,Oro Valley,Rolled Roofing / Torchdown / Bitumen,1988.0,2,20,Tucson Electric Power,PV Only,,0.143432,115.6537,998504737.0,0.035,40003.0,0.057999999999999996,0,0,,0
48580,JB-85713689-00,5.4,9522.4674,9586.0,Southwest,AZ,85746,32.122605,-111.04109,Pima County,Comp Shingle Roof,2257.0,1,18,Tucson Electric Power,PV Only,,0.142528,113.8565,10304.0,0.035,40003.0,0.01,0,0,,0
48581,JB-85713656-00,5.1,8557.8401,8783.0,Southwest,AZ,85748,32.231137,-110.786387,Tucson,Rolled Roofing / Torchdown / Bitumen,3358.0,1,17,Tucson Electric Power,PV Only,,0.14375,163.1328,10304.0,0.035,10800.0,0.03,0,0,,0
48582,JB-85713617-00,5.7,9161.0005,10980.0,Southwest,AZ,85704,32.326225,-111.00046299999998,Pima County,Rolled Roofing / Torchdown / Bitumen,,2,19,Tucson Electric Power,PV Only,,0.14023,186.2297,10304.0,0.035,10800.0,0.0,0,1,,0
48583,JB-85713601-00,6.6,10751.2693,10450.0,Southwest,AZ,85743,32.374154,-111.127998,Marana,Round Tile,2495.0,1,22,Tucson Electric Power,PV Only,,0.140732,180.4735,10304.0,0.035,10800.0,0.01,0,0,,0
48584,JB-85713554-00,7.8,11936.9033,12062.0,Southwest,AZ,85737,32.42139,-110.98046000000001,Oro Valley,Round Tile,3430.0,1,26,Tucson Electric Power,PV Only,,0.139303,197.942,10304.0,0.035,10800.0,0.0,0,0,One Story,0
48585,JB-85713279-00,11.05,19444.7772,22546.0,Southwest,AZ,85750,32.313249,-110.850012,Pima County,Rolled Roofing / Torchdown / Bitumen,3404.0,3,34,Tucson Electric Power,PV Only,,0.136527,314.4308,10304.0,0.035,10800.0,0.0,0,1,,0
48586,JB-85326133-00,10.4,17600.4717,17308.0,Southwest,AZ,85374,33.647798,-112.370977,Surprise,Comp Shingle Roof,1982.0,3,32,Arizona Public Service Company,PV Only,,0.16858099999999998,243.1498,998504750.0,0.035,40003.0,0.0753125,0,0,,0
48587,JB-85326015-00,6.195,8708.6066,17262.0,Southwest,AZ,85375,33.655071,-112.36568999999999,Maricopa County,Round Tile,3507.0,2,21,Arizona Public Service Company,PV Only,,0.159641,229.6437,998504750.0,0.035,40003.0,0.015714286,0,0,One Story,0
48588,JB-85325937-00,10.915,18400.3583,18120.0,Southwest,AZ,85383,33.735976,-112.25409499999999,Peoria,Round Tile,3405.0,2,37,Arizona Public Service Company,PV Only,,0.146793,221.658,998504750.0,0.035,40003.0,0.018648649,0,0,,0
48589,JB-85325855-00,9.44,17578.4832,21870.0,Southwest,AZ,85395,33.500106,-112.38861200000001,Goodyear,Round Tile,5365.0,1,32,Arizona Public Service Company,PV Only,,0.179241,326.6665,998504750.0,0.035,40003.0,0.0,0,0,Two Stories,0
48590,JB-85325028-00,17.92,30525.2346,28830.0,Southwest,AZ,85340,33.515805,-112.34558500000001,Maricopa County,Flat Tile,4647.0,4,56,Arizona Public Service Company,PV Only,,0.11723099999999999,339.9411,10000.0,0.035,10800.0,0.003571429,0,1,,0
48591,JB-8508954-00,10.2,16500.0477,20826.0,Southwest,AZ,85032,33.622820000000004,-111.984044,Phoenix,Rolled Roofing / Torchdown / Bitumen,2975.0,4,34,Arizona Public Service Company,PV Only,,0.16661600000000001,289.16200000000003,998504750.0,0.035,40003.0,0.031176471,0,0,One Story,0
48592,JB-8052868-00,9.1,12615.7764,12091.0,Southwest,CO,80542,40.197084999999994,-105.002582,Mead,Comp Shingle Roof,2575.0,4,28,United Power,PV Only,,0.12438199999999999,161.7517,9982580.0,0.038,50090.0,0.017142857,0,0,,0
48593,JB-8029343-00,6.0,9397.2139,8322.0,Southwest,CO,80233,39.891467,-104.95465700000001,Northglenn,Comp Shingle Roof,2543.0,1,20,Xcel Energy (CO),PV Only,,0.107276,74.396,50001.0,0.038,40003.0,0.0,0,0,,0
48594,JB-80011127-00,10.2,13917.2114,13828.0,Southwest,CO,80007,39.833483,-105.19773400000001,Arvada,Comp Shingle Roof,3589.0,3,34,Xcel Energy (CO),PV Only,,0.114175,131.56799999999998,50001.0,0.038,40003.0,0.006470588,0,0,,0
48595,JB-787587-00,8.125,11580.3011,21882.0,Southwest,TX,78726,30.424119,-97.85801500000001,Austin,Comp Shingle Roof,4762.0,3,25,Pedernales Electric Cooperative,PV Only,,0.097539,229.6606,9992129.0,0.019,49601.0,0.0024,0,0,,0
48596,JB-786389-00,18.2,22430.9206,23750.0,Southwest,TX,78660,30.471805,-97.56359599999999,Travis County,Comp Shingle Roof,3991.0,5,56,MP2 Energy (Austin),PV Only,,0.11702699999999999,293.3651,998504614.0,0.028999999999999998,49601.0,0.014464286000000002,0,0,One Story,0
48597,JB-786385-00,21.125,27946.8668,23217.0,Southwest,TX,78642,30.706011,-97.917105,Williamson County,Comp Shingle Roof,4759.0,3,65,Pedernales Electric Cooperative,PV Only,,0.09739199999999999,240.5285,9992129.0,0.019,49601.0,0.020923076999999998,0,0,,0
48598,JB-7613030-00,11.7,16284.3775,18008.0,Southwest,TX,76179,32.856145,-97.407555,Fort Worth,Comp Shingle Roof,2087.0,3,39,MP2 Energy (Dallas),PV Only,,0.11321700000000001,169.9005,998504775.0,0.019,40003.0,0.028205128,0,0,,0
48599,JB-7602431-00,9.425,11670.5076,12101.0,Southwest,TX,76039,32.851467,-97.075872,Euless,Comp Shingle Roof,3882.0,2,29,MP2 Energy (Dallas),PV Only,,0.11933599999999998,173.1737,998504338.0,0.019,49601.0,0.158965517,0,0,,0
48600,JB-7521975-00,5.2,5576.3652,8729.0,Southwest,TX,75232,32.684359,-96.839563,Dallas,Comp Shingle Roof,3069.0,2,16,MP2 Energy (Dallas),PV Only,,0.140756,102.3882,998504338.0,0.019,40003.0,0.2225,0,0,,0
48601,JB-347921-00,13.325,20321.718,23002.0,East Coast,FL,34761,28.542091999999997,-81.546356,Ocoee,Comp Shingle Roof,3913.0,3,41,Duke Energy (FL),PV Only,,0.133635,256.1551,998504540.0,0.028999999999999998,40003.0,0.00804878,0,0,,0
48602,JB-336063-00,14.3,22718.4453,27300.0,East Coast,FL,33635,28.035345,-82.617863,Hillsborough County,Comp Shingle Roof,2649.0,2,44,Tampa Electric,PV Only,,0.107294,301.07099999999997,998504240.0,0.028999999999999998,49601.0,0.01,0,0,,0
48603,JB-328490-00,9.6,12539.8862,20931.0,East Coast,FL,32810,28.616633,-81.457619,Orange County,Comp Shingle Roof,2589.0,3,32,Duke Energy (FL),PV+Storage,1.0,0.133431,289.7154,998504540.0,0.028999999999999998,49601.0,0.0228125,0,0,,0
48604,JB-328345-00,4.5,6977.5677,7194.0,East Coast,FL,32824,28.390442999999998,-81.342298,Orange County,Comp Shingle Roof,3220.0,1,15,Orlando Utilities Commission,PV+Storage,1.0,0.126252,132.6663,998504247.0,0.028999999999999998,49601.0,0.0,0,0,One Story,0
48605,JB-2174312-00,7.8,10120.8318,15318.0,East Coast,MD,21701,39.406403999999995,-77.409374,Frederick City,Comp Shingle Roof,2531.0,2,24,Allegheny (Potomac Edison MD),PV Only,,0.108339,138.2946,9991216.0,0.057,40003.0,0.03,0,0,,0
48606,JB-2125799-00,3.9,4710.5139,5414.0,East Coast,MD,21207,39.33636,-76.71882099999999,Baltimore County,Comp Shingle Roof,900.0,2,12,BGE (Baltimore Gas and Electric),PV Only,,0.146744,66.2061,9991221.0,0.057,40003.0,0.035,0,1,,0
48607,JB-2125789-00,3.575,3863.6944,5852.0,East Coast,MD,21229,39.288763,-76.68946,Baltimore City,Comp Shingle Roof,673.0,2,11,BGE (Baltimore Gas and Electric),PV Only,,0.144777,70.6028,9991221.0,0.057,40003.0,0.020909091,0,0,,0
48608,JB-2125606-00,5.525,6480.9578,13995.0,East Coast,MD,21228,39.269923999999996,-76.73934799999999,Baltimore County,Comp Shingle Roof,2338.0,3,17,BGE (Baltimore Gas and Electric),PV Only,,0.139471,218.9422,9991221.0,0.057,100099.0,0.097058824,1,0,,0
48609,JB-2106174-00,5.85,7472.9736,14430.0,East Coast,MD,21057,39.45381,-76.520877,Baltimore County,Comp Shingle Roof,4862.0,1,18,BGE (Baltimore Gas and Electric),PV Only,,0.140271,224.9601,9991221.0,0.057,100099.0,0.16,0,0,One Story,0
48610,JB-2106113-00,10.8,10565.0965,13969.0,East Coast,MD,21001,39.523314,-76.170197,Aberdeen,Comp Shingle Roof,1661.0,4,36,BGE (Baltimore Gas and Electric),PV Only,,0.140057,219.3225,9991221.0,0.057,100099.0,0.18666666699999998,0,0,,0
48611,JB-2093984-00,10.2,11355.3626,11000.0,East Coast,MD,20904,39.070391,-76.99984599999999,Montgomery County,Comp Shingle Roof,2288.0,4,34,PEPCO (MD),PV Only,,0.147526,135.2326,9991239.0,0.057,40003.0,0.07,0,0,One Story,0
48612,JB-2093880-00,6.6,6964.3955,9300.0,East Coast,MD,20910,39.006332,-77.042147,Montgomery County,Comp Shingle Roof,1126.0,2,22,PEPCO (MD),PV Only,,0.15388800000000002,175.5472,9991238.0,0.057,100099.0,0.041818182,1,0,,0
48613,JB-2093837-00,10.5,10294.9659,9717.0,East Coast,MD,20904,39.076087,-77.017922,Montgomery County,Comp Shingle Roof,3057.0,3,35,PEPCO (MD),PV Only,,0.152852,180.0562,9991238.0,0.057,100099.0,0.22571428600000001,1,0,Two Stories,0
48614,JB-2093515-00,3.0,3244.4749,2887.0,East Coast,MD,20906,39.066377,-77.04300699999999,Montgomery County,Comp Shingle Roof,2367.0,1,10,PEPCO (MD),PV Only,,0.176817,98.8231,9991238.0,0.057,100099.0,0.23,0,0,Two Stories,0
48615,JB-2088202-00,12.9,13016.0708,13087.0,East Coast,MD,20874,39.151627000000005,-77.2942,Montgomery County,Comp Shingle Roof,2160.0,5,43,PEPCO (MD),PV Only,,0.145955,159.1764,9991238.0,0.057,40003.0,0.008461538000000001,0,0,,0
48616,JB-20715512-00,15.925,15958.8172,27322.0,East Coast,MD,20721,38.939506,-76.82279100000001,Prince George's County,Comp Shingle Roof,1869.0,4,49,BGE (Baltimore Gas and Electric),PV Only,,0.131186,298.6889,9991221.0,0.057,40003.0,0.12469387800000001,0,0,,0
48617,JB-20715409-00,8.45,9658.1004,22586.0,East Coast,MD,20743,38.870649,-76.935653,Prince George's County,Comp Shingle Roof,1071.0,2,26,PEPCO (MD),PV Only,,0.139377,262.3308,9991238.0,0.057,40003.0,0.035,0,0,,0
48618,JB-20715390-00,4.5,4589.5784,13650.0,East Coast,MD,20782,38.958098,-76.96502199999999,Hyattsville,Comp Shingle Roof,1278.0,1,15,PEPCO (MD),PV Only,,0.141119,160.5224,9991238.0,0.057,40003.0,0.17,1,0,One Story,0
48619,JB-20715220-00,18.6,20624.5249,26152.0,East Coast,MD,20783,38.995792,-76.97178199999999,Prince George's County,Comp Shingle Roof,3013.0,4,62,PEPCO (MD),PV Only,,0.137904,356.8219,9991238.0,0.057,100099.0,0.065185185,0,0,,0
48620,JB-20715159-00,4.59,4643.0855,5403.0,East Coast,MD,20744,38.765568,-77.00506899999999,Prince George's County,Comp Shingle Roof,1554.0,1,18,PEPCO (MD),PV Only,,0.161638,129.0616,9991238.0,0.057,100099.0,0.15,0,0,,0
48621,JB-20714818-00,11.4,13002.5825,13185.0,East Coast,MD,20707,39.109388,-76.87536800000001,Laurel,Comp Shingle Roof,1598.0,2,38,BGE (Baltimore Gas and Electric),PV Only,,0.142489,212.8436,9991221.0,0.057,100099.0,0.07666666700000001,1,0,,0
48622,JB-1191627-00,11.05,9777.4951,18960.0,East Coast,NY,11934,40.803464,-72.80242700000001,Brookhaven Town,Comp Shingle Roof,3320.0,2,34,PSE&G-Long Island,PV Only,,0.193048,305.0153,9991586.0,0.033,40003.0,0.188823529,0,0,,0
48623,JB-11710473-00,4.8,5804.2744,5937.0,East Coast,NY,11722,40.788388,-73.184211,Islip Town,Comp Shingle Roof,2448.0,1,16,PSE&G-Long Island,PV Only,,0.202921,100.395,9991586.0,0.033,40003.0,0.12,0,0,,0
48624,JB-11710413-00,7.8,10039.3616,9400.0,East Coast,NY,11753,40.792264,-73.533516,Oyster Bay Town,Comp Shingle Roof,3421.0,3,26,PSE&G-Long Island,PV Only,,0.200725,225.3601,9991586.0,0.033,998467098.0,0.011923076999999999,0,0,,0
48625,JB-1094128-00,5.4,6732.2223,6120.0,East Coast,NY,10941,41.480986,-74.36669599999999,Wallkill Town,Comp Shingle Roof,1396.0,1,18,Orange and Rockland (NY),PV Only,,0.217207,110.7755,9991621.0,0.033,40003.0,0.0,0,0,Two Stories,0
48626,JB-1093914-00,9.3,10673.3977,15015.0,East Coast,NY,10983,41.033072,-73.933545,Orangetown Town,Comp Shingle Roof,1689.0,2,31,Orange and Rockland (NY),PV Only,,0.18346600000000002,297.6881,9991621.0,0.033,998467098.0,0.029677419,1,0,,0
48627,JB-107662-00,2.6,3016.1384,5379.0,East Coast,NY,10707,40.960676,-73.815691,Tuckahoe village,Comp Shingle Roof,1431.0,1,8,Consolidated Edison,PV Only,,0.22623000000000001,169.5335,998504447.0,0.033,998467098.0,0.17,0,0,,0
48628,JB-1052659-00,6.3,7530.9149,3534.0,East Coast,NY,10567,41.247908,-73.909378,Cortlandt Town,Comp Shingle Roof,2126.0,2,21,Consolidated Edison,PV Only,,0.24485500000000002,72.1099,998504447.0,0.033,40003.0,0.074285714,0,0,,0
48629,JB-1052612-00,6.175,6965.1098,7220.0,East Coast,NY,10573,40.997488,-73.679057,Port Chester Village,Comp Shingle Roof,1546.0,2,19,Consolidated Edison,PV Only,,0.218361,199.5061,998504447.0,0.033,998467098.0,0.0,0,0,,0
48630,JB-0808520-00,4.8,6074.744000000001,6000.0,East Coast,NJ,8009,39.790591,-74.951154,Berlin Borough,Comp Shingle Roof,1124.0,1,16,Atlantic City Electric,PV Only,,0.19530699999999998,149.4517,9991416.0,0.035,49601.0,0.03,0,0,,0
48631,JB-0808443-00,4.5,3504.2617,3985.0,East Coast,NJ,8004,39.767259,-74.905487,Winslow Township,Comp Shingle Roof,1653.0,1,15,Atlantic City Electric,PV Only,,0.19247999999999998,115.7179,9991416.0,0.035,49601.0,0.363846154,1,0,One Story,0
48632,JB-0611768-00,6.825,9043.2696,1961.0,East Coast,CT,6119,41.755945000000004,-72.71988,West Hartford,Comp Shingle Roof,2248.0,2,21,Eversource Energy (CL&P),PV Only,,0.289051,47.2358,999454.0,0.054000000000000006,40003.0,-2.22e-16,0,0,,0
48633,JB-0611730-00,6.6,6777.6014,7116.0,East Coast,CT,6108,41.781884999999996,-72.607299,East Hartford,Comp Shingle Roof,1814.0,2,22,Eversource Energy (CL&P),PV Only,,0.203592,172.5285,999454.0,0.054000000000000006,49601.0,0.095454545,0,0,,0
48634,JB-056543-00,6.9,6398.4374,7590.0,East Coast,VT,5654,44.128393,-72.455795,Washington Town,Comp Shingle Roof,3202.0,1,23,Washington Electric Cooperative,PV Only,,0.225615,142.7016,998504726.0,0.028999999999999998,40003.0,0.01,0,0,,0
48635,JB-029568-00,4.2,5372.9069,5464.0,East Coast,RI,2919,41.800703000000006,-71.492099,Johnston,Comp Shingle Roof,2140.0,1,14,National Grid - Rhode Island,PV Only,,0.185564,138.4517,998504358.0,0.0372,49601.0,0.0,0,0,,0
48636,JB-0275050-00,4.55,3805.8178,7491.0,East Coast,MA,2703,41.961166,-71.293021,Attleboro,Comp Shingle Roof,1161.0,2,14,National Grid USA (Massachusetts Electric),PV Only,,0.21935,188.7276,9991205.0,0.04,49601.0,0.272857143,1,0,,0
48637,JB-0202746-00,6.3,7359.8484,7177.0,East Coast,MA,2072,42.120193,-71.136509,Stoughton,Comp Shingle Roof,2008.0,1,21,National Grid USA (Massachusetts Electric),PV Only,,0.21965500000000002,183.1703,9991205.0,0.04,49601.0,0.01,0,0,,0
48638,JB-0192636-00,3.9,4313.5776,12286.0,East Coast,MA,1906,42.463591,-71.007835,Saugus,Comp Shingle Roof,1508.0,3,12,National Grid USA (Massachusetts Electric),PV Only,,0.216322,273.2764,9991205.0,0.04,49601.0,0.030833332999999997,1,1,Two Stories,0
48639,JB-9519409-00,5.4,8246.3844,8973.0,Pacific Northwest,CA,95121,37.30915,-121.824476,San Jose,Comp Shingle Roof,2569.0,2,18,Pacific Gas and Electric Company,PV Only,,0.255705,240.8811,998504487.0,0.028999999999999998,90.0,0.005,0,0,,0
48640,JB-9509381-00,15.3,16420.0074,28315.0,Pacific Northwest,CA,95070,37.251785999999996,-122.03985,Saratoga,Flat Tile,7582.0,3,51,Pacific Gas and Electric Company,PV Only,,0.323261,810.0727,998504487.0,0.028999999999999998,90.0,0.102941176,0,0,Two Stories,0
48641,JB-9471529-00,7.8,11158.5333,9405.0,Pacific Northwest,CA,94705,37.861189,-122.221752,Oakland,Comp Shingle Roof,2446.0,2,24,Pacific Gas and Electric Company,PV Only,,0.272656,264.1292,10.0,0.028999999999999998,90.0,0.0675,0,0,,0
48642,JB-9463011-00,6.3,8092.6628,7759.0,Pacific Northwest,CA,94611,37.820754,-122.19344099999999,Oakland,Comp Shingle Roof,2355.0,1,21,Pacific Gas and Electric Company,PV Only,,0.266938,223.0326,998504487.0,0.028999999999999998,90.0,0.21,1,0,,0
48643,JB-94530094-00,4.875,6676.7984,6477.0,Pacific Northwest,CA,94552,37.717733,-122.03175900000001,Alameda County,Round Tile,1974.0,2,15,Pacific Gas and Electric Company,PV Only,,0.24426900000000001,181.7585,10.0,0.028999999999999998,90.0,0.042,0,0,One Story,0
48644,JB-94529995-00,5.2,8086.0211,7739.0,Pacific Northwest,CA,94582,37.754753,-121.90128200000001,San Ramon,Round Tile,2246.0,2,16,Pacific Gas and Electric Company,PV Only,,0.23833200000000002,153.7041,998504487.0,0.028999999999999998,40003.0,0.0,0,0,,0
48645,JB-94529924-00,6.5,11023.3981,9207.0,Pacific Northwest,CA,94582,37.779297,-121.926648,San Ramon,Flat Tile,3671.0,2,20,Pacific Gas and Electric Company,PV Only,,0.24435700000000002,187.4828,998504487.0,0.028999999999999998,40003.0,0.0,0,0,Two Stories,0
48646,JB-94529791-00,2.1,3158.4299,3179.0,Pacific Northwest,CA,94539,37.543245,-121.93263400000001,Fremont,Comp Shingle Roof,3357.0,1,7,Pacific Gas and Electric Company,PV Only,,0.21077800000000002,55.8387,998504487.0,0.028999999999999998,40003.0,0.158571429,0,0,,0
48647,JB-94529610-00,15.9,22973.4024,24190.0,Pacific Northwest,CA,94566,37.638563,-121.80248300000001,Pleasanton,Round Tile,7017.0,5,53,Pacific Gas and Electric Company,PV+Storage,3.0,0.327962,711.0314,10.0,0.028999999999999998,90.0,0.018301887,0,0,,0
48648,JB-94529558-00,3.9,6353.380999999999,3837.0,Pacific Northwest,CA,94551,37.711658,-121.73510800000001,Livermore,Comp Shingle Roof,2908.0,1,12,Pacific Gas and Electric Company,PV Only,,0.227667,122.7107,998504487.0,0.028999999999999998,90.0,0.0,0,0,,0
48649,JB-94529280-00,13.325,20839.8881,21034.0,Pacific Northwest,CA,94505,37.914056,-121.615845,Contra Costa County,Flat Tile,2847.0,3,41,Pacific Gas and Electric Company,PV Only,,0.283482,544.9438,998504487.0,0.028999999999999998,90.0,0.022439024,0,0,,0
48650,JB-94528859-00,12.675,15304.5161,25244.0,Pacific Northwest,CA,94582,37.744735999999996,-121.919808,San Ramon,Flat Tile,3525.0,5,39,Pacific Gas and Electric Company,PV Only,,0.3134,706.6007,998504164.0,0.028999999999999998,90.0,0.062820513,0,0,,0
48651,JB-94528553-00,4.875,6432.2248,7473.0,Pacific Northwest,CA,94513,37.951238000000004,-121.694295,Brentwood,Comp Shingle Roof,1546.0,2,15,Pacific Gas and Electric Company,PV+Storage,1.0,0.22947800000000002,190.9544,10.0,0.028999999999999998,90.0,0.043333332999999995,0,0,Two Stories,0
48652,JB-94528374-00,5.85,8993.4713,7354.0,Pacific Northwest,CA,94551,0.0,0.0,Livermore,Comp Shingle Roof,1946.0,3,18,Pacific Gas and Electric Company,PV Only,,0.24935300000000002,202.726,10.0,0.028999999999999998,90.0,0.068333333,0,0,One Story,0
48653,JB-94528335-00,15.275,20416.4615,28250.0,Pacific Northwest,CA,94507,37.863915999999996,-122.026614,Contra Costa County,Flat Tile,6843.0,5,47,Pacific Gas and Electric Company,PV+Storage,2.0,0.20529899999999998,530.6196,998504164.0,0.028999999999999998,90.0,0.044255319,0,0,Two Stories,0
48654,JB-787637-00,6.5,9085.0457,9427.0,Southwest,TX,78758,30.388776,-97.69565,Austin,Comp Shingle Roof,3243.0,1,20,Austin Energy (City of Austin),PV Only,,0.099264,77.9804,998504552.0,0.028999999999999998,40003.0,0.08,0,0,,0
48655,JB-183453-00,15.9,16110.6959,22092.0,East Coast,PA,18301,41.022783000000004,-75.175812,Smithfield Township  Monroe County,Comp Shingle Roof,2160.0,7,53,Met-Ed,PV Only,,0.131961,242.9398,9991700.0,0.0337,40003.0,0.0,0,0,,0
48656,JB-0542859-00,6.5,7114.5657,9225.0,East Coast,VT,5458,44.734062,-73.323051,Grand Isle Town,Comp Shingle Roof,1379.0,3,20,Vermont Electric Cooperative,PV Only,,0.201033,154.5442,998504370.0,0.028999999999999998,40003.0,0.0,0,0,,0
